Delegación ,2000,2005,2010
Azcapotzalco,0.87,0.91,0.92
Coyoacán,0.90,0.93,0.94
Cuajimalpa de Morelos,0.86,0.91,0.90
Gustavo A. Madero,0.86,0.89,0.90
Iztacalco,0.87,0.89,0.91
Iztapalapa,0.85,0.86,0.89
La Magdalena Contreras,0.86,0.87,0.91
Milpa Alta,0.81,0.81,0.85
Álvaro Obregón,0.87,0.89,0.91
Tláhuac,0.84,0.86,0.88
Tlalpan,0.88,0.89,0.91
Xochimilco,0.85,0.86,0.89
Benito Juárez,0.93,0.97,0.96
Cuauhtémoc,0.89,0.91,0.92
Miguel Hidalgo,0.90,0.94,0.94
Venustiano Carranza,0.87,0.89,0.91
Promedio,0.87,0.89,0.91
Variación ,,3%,2%
